Elo	Username	W	L	T	Last Update
1438	jamira!?	85	23	0	Sat Sep 7 2024 1:36:04 GMT-0400 (Eastern Daylight Time)
1356	brain team	29	5	0	Sat Sep 7 2024 1:36:04 GMT-0400 (Eastern Daylight Time)
1299	GrtingsTrvelr	37	6	0	Sat Sep 7 2024 1:36:04 GMT-0400 (Eastern Daylight Time)
1291	g-luke	27	7	0	Sat Sep 7 2024 1:36:04 GMT-0400 (Eastern Daylight Time)
1278	Alee C	23	4	0	Sat Sep 7 2024 1:36:04 GMT-0400 (Eastern Daylight Time)
1278	Baseballed!	27	9	0	Sat Sep 7 2024 1:36:04 GMT-0400 (Eastern Daylight Time)
1267	samsung television	14	1	0	Sat Sep 7 2024 1:36:04 GMT-0400 (Eastern Daylight Time)
1258	Carls Junior's	18	11	0	Sat Sep 7 2024 1:36:04 GMT-0400 (Eastern Daylight Time)
1257	Chinozo	13	4	0	Sat Sep 7 2024 1:36:04 GMT-0400 (Eastern Daylight Time)
1251	zxgzxg	21	9	0	Sat Sep 7 2024 1:36:04 GMT-0400 (Eastern Daylight Time)
1249	TheZilla07	10	2	0	Sat Sep 7 2024 1:36:04 GMT-0400 (Eastern Daylight Time)
1249	Hffbhdc	11	0	0	Sat Sep 7 2024 1:36:04 GMT-0400 (Eastern Daylight Time)
1248	Orangesodapop	11	3	0	Sat Sep 7 2024 1:36:04 GMT-0400 (Eastern Daylight Time)
1247	jorts jorts jorts	13	9	0	Sat Sep 7 2024 1:36:04 GMT-0400 (Eastern Daylight Time)
1246	mgg65	10	3	0	Sat Sep 7 2024 1:36:04 GMT-0400 (Eastern Daylight Time)
1244	Zanyte1207	35	19	0	Sat Sep 7 2024 1:36:04 GMT-0400 (Eastern Daylight Time)
1243	No1CelestiaKinnie	17	10	0	Sat Sep 7 2024 1:36:04 GMT-0400 (Eastern Daylight Time)
1242	Slopandslimeher	13	5	0	Sat Sep 7 2024 1:36:04 GMT-0400 (Eastern Daylight Time)
1240	turnyacc	60	47	0	Sat Sep 7 2024 1:36:04 GMT-0400 (Eastern Daylight Time)
1239	LeaderBelle	15	4	0	Sat Sep 7 2024 1:36:04 GMT-0400 (Eastern Daylight Time)
1237	Eedfgyy	10	3	0	Sat Sep 7 2024 1:36:04 GMT-0400 (Eastern Daylight Time)
1232	dushn je dusan	14	8	0	Sat Sep 7 2024 1:36:04 GMT-0400 (Eastern Daylight Time)
1222	wish o will	16	6	0	Sat Sep 7 2024 1:36:04 GMT-0400 (Eastern Daylight Time)
1221	pontiffy	10	3	0	Sat Sep 7 2024 1:36:04 GMT-0400 (Eastern Daylight Time)
1217	SickleNickle	7	1	0	Sat Sep 7 2024 1:36:04 GMT-0400 (Eastern Daylight Time)
1216	DenebStargazer	14	9	0	Sat Sep 7 2024 1:36:04 GMT-0400 (Eastern Daylight Time)
1214	hydripple	8	11	0	Sat Sep 7 2024 1:36:04 GMT-0400 (Eastern Daylight Time)
1213	Lunastra_sucks	12	4	0	Sat Sep 7 2024 1:36:04 GMT-0400 (Eastern Daylight Time)
1212	Dat boi169	25	19	0	Sat Sep 7 2024 1:36:04 GMT-0400 (Eastern Daylight Time)
1211	PokemonFa123	18	15	0	Sat Sep 7 2024 1:36:04 GMT-0400 (Eastern Daylight Time)
1211	ether21	20	19	0	Sat Sep 7 2024 1:36:04 GMT-0400 (Eastern Daylight Time)
1210	epic regi moment	9	2	0	Sat Sep 7 2024 1:36:04 GMT-0400 (Eastern Daylight Time)
1209	Magatsu(S.Bisharp)	8	1	0	Sat Sep 7 2024 1:36:04 GMT-0400 (Eastern Daylight Time)
1208	Spear Hero	10	2	0	Sat Sep 7 2024 1:36:04 GMT-0400 (Eastern Daylight Time)
1205	joshsshadow	18	15	0	Sat Sep 7 2024 1:36:04 GMT-0400 (Eastern Daylight Time)
1205	Quality Pints	9	7	0	Sat Sep 7 2024 1:36:04 GMT-0400 (Eastern Daylight Time)
1198	Gekokeso	16	10	0	Sat Sep 7 2024 1:36:04 GMT-0400 (Eastern Daylight Time)
1197	zozo	6	1	0	Sat Sep 7 2024 1:36:04 GMT-0400 (Eastern Daylight Time)
1196	bdprescott	7	2	0	Sat Sep 7 2024 1:36:04 GMT-0400 (Eastern Daylight Time)
1193	Jmittch252	26	29	0	Sat Sep 7 2024 1:36:04 GMT-0400 (Eastern Daylight Time)
1190	naytea	7	8	0	Sat Sep 7 2024 1:36:04 GMT-0400 (Eastern Daylight Time)
1188	terapagosb	20	14	0	Sat Sep 7 2024 1:36:04 GMT-0400 (Eastern Daylight Time)
1188	Pechover	5	3	0	Sat Sep 7 2024 1:36:04 GMT-0400 (Eastern Daylight Time)
1188	JimCool	5	2	0	Sat Sep 7 2024 1:36:04 GMT-0400 (Eastern Daylight Time)
1188	IronOat	7	4	0	Sat Sep 7 2024 1:36:04 GMT-0400 (Eastern Daylight Time)
1185	Captain Snowy	8	7	0	Sat Sep 7 2024 1:36:04 GMT-0400 (Eastern Daylight Time)
1185	Speny	10	7	0	Sat Sep 7 2024 1:36:04 GMT-0400 (Eastern Daylight Time)
1182	Angel_9545	12	11	0	Sat Sep 7 2024 1:36:04 GMT-0400 (Eastern Daylight Time)
1182	KitsuneNoble	11	5	0	Sat Sep 7 2024 1:36:04 GMT-0400 (Eastern Daylight Time)
1179	Afox4567	28	17	0	Sat Sep 7 2024 1:36:04 GMT-0400 (Eastern Daylight Time)
1179	yuunfei	11	11	0	Sat Sep 7 2024 1:36:04 GMT-0400 (Eastern Daylight Time)
1176	tumaiencuatro	5	3	0	Sat Sep 7 2024 1:36:04 GMT-0400 (Eastern Daylight Time)
1174	Dat guy 234	6	4	0	Sat Sep 7 2024 1:36:04 GMT-0400 (Eastern Daylight Time)
1174	SpiderPlayer	14	10	0	Sat Sep 7 2024 1:36:04 GMT-0400 (Eastern Daylight Time)
1172	ahuramazda2	12	17	0	Sat Sep 7 2024 1:36:04 GMT-0400 (Eastern Daylight Time)
1172	jagerno	6	5	0	Sat Sep 7 2024 1:36:04 GMT-0400 (Eastern Daylight Time)
1171	Deviation395	9	7	0	Sat Sep 7 2024 1:36:04 GMT-0400 (Eastern Daylight Time)
1169	Jdjejrhfh	5	2	0	Sat Sep 7 2024 1:36:04 GMT-0400 (Eastern Daylight Time)
1168	eusocial	4	1	0	Sat Sep 7 2024 1:36:04 GMT-0400 (Eastern Daylight Time)
1168	TheRealHittite	5	0	0	Sat Sep 7 2024 1:36:04 GMT-0400 (Eastern Daylight Time)
1165	RadDudesman	4	6	0	Sat Sep 7 2024 1:36:04 GMT-0400 (Eastern Daylight Time)
1165	kassieprince051	4	1	0	Sat Sep 7 2024 1:36:04 GMT-0400 (Eastern Daylight Time)
1163	ShadowManOrNot123	8	7	0	Sat Sep 7 2024 1:36:04 GMT-0400 (Eastern Daylight Time)
1162	Gymia	5	2	0	Sat Sep 7 2024 1:36:04 GMT-0400 (Eastern Daylight Time)
1162	RU WAS SPEED	24	30	0	Sat Sep 7 2024 1:36:04 GMT-0400 (Eastern Daylight Time)
1161	Essayemm	20	16	0	Sat Sep 7 2024 1:36:04 GMT-0400 (Eastern Daylight Time)
1159	Hfthufhh	4	2	0	Sat Sep 7 2024 1:36:04 GMT-0400 (Eastern Daylight Time)
1157	Usdhdbdbfh	3	0	0	Sat Sep 7 2024 1:36:04 GMT-0400 (Eastern Daylight Time)
1155	cloud bolt	8	4	0	Sat Sep 7 2024 1:36:04 GMT-0400 (Eastern Daylight Time)
1154	the boated man	14	12	0	Sat Sep 7 2024 1:36:04 GMT-0400 (Eastern Daylight Time)
1153	charizard8888	5	3	0	Sat Sep 7 2024 1:36:04 GMT-0400 (Eastern Daylight Time)
1152	Thanosgreninja	4	2	0	Sat Sep 7 2024 1:36:04 GMT-0400 (Eastern Daylight Time)
1150	Hayre	3	0	0	Sat Sep 7 2024 1:36:04 GMT-0400 (Eastern Daylight Time)
1150	just4fun24	5	6	0	Sat Sep 7 2024 1:36:04 GMT-0400 (Eastern Daylight Time)
1150	wajs	4	2	0	Sat Sep 7 2024 1:36:04 GMT-0400 (Eastern Daylight Time)
1149	Jeiehrbd	4	0	0	Sat Sep 7 2024 1:36:04 GMT-0400 (Eastern Daylight Time)
1148	Earl	4	2	0	Sat Sep 7 2024 1:36:04 GMT-0400 (Eastern Daylight Time)
1148	Echidale	7	9	0	Sat Sep 7 2024 1:36:04 GMT-0400 (Eastern Daylight Time)
1147	Hehehdhf	3	1	0	Sat Sep 7 2024 1:36:04 GMT-0400 (Eastern Daylight Time)
1146	Krilldyn	7	6	0	Sat Sep 7 2024 1:36:04 GMT-0400 (Eastern Daylight Time)
1145	norleaf	4	3	0	Sat Sep 7 2024 1:36:04 GMT-0400 (Eastern Daylight Time)
1143	Dergcde	3	0	0	Sat Sep 7 2024 1:36:04 GMT-0400 (Eastern Daylight Time)
1141	video gamah	3	0	0	Sat Sep 7 2024 1:36:04 GMT-0400 (Eastern Daylight Time)
1140	SKITZ_MONEY	5	5	0	Sat Sep 7 2024 1:36:04 GMT-0400 (Eastern Daylight Time)
1140	radvik	3	0	0	Sat Sep 7 2024 1:36:04 GMT-0400 (Eastern Daylight Time)
1140	Methridium ‚ùÄ	3	0	0	Sat Sep 7 2024 1:36:04 GMT-0400 (Eastern Daylight Time)
1138	DonnyDowns	3	1	0	Sat Sep 7 2024 1:36:04 GMT-0400 (Eastern Daylight Time)
1137	HuuBao	8	7	0	Sat Sep 7 2024 1:36:04 GMT-0400 (Eastern Daylight Time)
1137	beyond the gunch	7	5	0	Sat Sep 7 2024 1:36:04 GMT-0400 (Eastern Daylight Time)
1137	MasterShamo	4	1	0	Sat Sep 7 2024 1:36:04 GMT-0400 (Eastern Daylight Time)
1137	Sillyy__	10	10	0	Sat Sep 7 2024 1:36:04 GMT-0400 (Eastern Daylight Time)
1136	abcdeff	10	7	0	Sat Sep 7 2024 1:36:04 GMT-0400 (Eastern Daylight Time)
1134	thegamergranny	4	2	0	Sat Sep 7 2024 1:36:04 GMT-0400 (Eastern Daylight Time)
1133	Yozdag	3	0	0	Sat Sep 7 2024 1:36:04 GMT-0400 (Eastern Daylight Time)
1133	Jkonek	8	9	0	Sat Sep 7 2024 1:36:04 GMT-0400 (Eastern Daylight Time)
1132	Malarkey3072	6	5	0	Sat Sep 7 2024 1:36:04 GMT-0400 (Eastern Daylight Time)
1131	Milkxo	14	22	0	Sat Sep 7 2024 1:36:04 GMT-0400 (Eastern Daylight Time)
1131	N-the-baller	3	1	0	Sat Sep 7 2024 1:36:04 GMT-0400 (Eastern Daylight Time)
1130	cappuccino rosso!	5	4	0	Sat Sep 7 2024 1:36:04 GMT-0400 (Eastern Daylight Time)
1130	dancingfree	3	2	0	Sat Sep 7 2024 1:36:04 GMT-0400 (Eastern Daylight Time)
1129	Kobe900	6	9	0	Sat Sep 7 2024 1:36:04 GMT-0400 (Eastern Daylight Time)
1129	SDK04	3	3	0	Sat Sep 7 2024 1:36:04 GMT-0400 (Eastern Daylight Time)
1128	trezapois	3	0	0	Sat Sep 7 2024 1:36:04 GMT-0400 (Eastern Daylight Time)
1128	dookacola	4	3	0	Sat Sep 7 2024 1:36:04 GMT-0400 (Eastern Daylight Time)
1127	Ghujbbbb	3	0	0	Sat Sep 7 2024 1:36:04 GMT-0400 (Eastern Daylight Time)
1126	Zdggdcv	2	0	0	Sat Sep 7 2024 1:36:04 GMT-0400 (Eastern Daylight Time)
1125	skalala	5	6	0	Sat Sep 7 2024 1:36:04 GMT-0400 (Eastern Daylight Time)
1125	jzplrrr	3	0	0	Sat Sep 7 2024 1:36:04 GMT-0400 (Eastern Daylight Time)
1124	Mr. Glide	4	2	0	Sat Sep 7 2024 1:36:04 GMT-0400 (Eastern Daylight Time)
1123	FACTSCALIBER	4	1	0	Sat Sep 7 2024 1:36:04 GMT-0400 (Eastern Daylight Time)
1123	kinacha	4	1	0	Sat Sep 7 2024 1:36:04 GMT-0400 (Eastern Daylight Time)
1122	Trimaster731	6	8	0	Sat Sep 7 2024 1:36:04 GMT-0400 (Eastern Daylight Time)
1121	borakka	2	1	0	Sat Sep 7 2024 1:36:04 GMT-0400 (Eastern Daylight Time)
1120	olmek0	5	11	0	Sat Sep 7 2024 1:36:04 GMT-0400 (Eastern Daylight Time)
1119	ACrispDryWine	3	1	0	Sat Sep 7 2024 1:36:04 GMT-0400 (Eastern Daylight Time)
1118	imstillportuguese	6	5	0	Sat Sep 7 2024 1:36:04 GMT-0400 (Eastern Daylight Time)
1117	z0rr0f0x	4	10	0	Sat Sep 7 2024 1:36:04 GMT-0400 (Eastern Daylight Time)
1115	ShelgonCook	3	7	0	Sat Sep 7 2024 1:36:04 GMT-0400 (Eastern Daylight Time)
1114	chibix	3	0	0	Sat Sep 7 2024 1:36:04 GMT-0400 (Eastern Daylight Time)
1113	vCrowne	4	6	0	Sat Sep 7 2024 1:36:04 GMT-0400 (Eastern Daylight Time)
1112	Peum3	4	1	0	Sat Sep 7 2024 1:36:04 GMT-0400 (Eastern Daylight Time)
1111	HUHWEHUWE	11	11	0	Sat Sep 7 2024 1:36:04 GMT-0400 (Eastern Daylight Time)
1111	Funky Specs	2	1	0	Sat Sep 7 2024 1:36:04 GMT-0400 (Eastern Daylight Time)
1110	WillehDaPooh	2	2	0	Sat Sep 7 2024 1:36:04 GMT-0400 (Eastern Daylight Time)
1110	rat smoothie	3	1	0	Sat Sep 7 2024 1:36:04 GMT-0400 (Eastern Daylight Time)
1110	Joshe444	5	4	0	Sat Sep 7 2024 1:36:04 GMT-0400 (Eastern Daylight Time)
1110	luckysugar	5	7	0	Sat Sep 7 2024 1:36:04 GMT-0400 (Eastern Daylight Time)
1109	civanna	3	2	0	Sat Sep 7 2024 1:36:04 GMT-0400 (Eastern Daylight Time)
1109	hambrgr	2	1	0	Sat Sep 7 2024 1:36:04 GMT-0400 (Eastern Daylight Time)
1108	Hebejrhf	2	0	0	Sat Sep 7 2024 1:36:04 GMT-0400 (Eastern Daylight Time)
1108	Lefty420	19	45	0	Sat Sep 7 2024 1:36:04 GMT-0400 (Eastern Daylight Time)
1107	zach_1717	2	0	0	Sat Sep 7 2024 1:36:04 GMT-0400 (Eastern Daylight Time)
1107	IC Oshawott	3	3	0	Sat Sep 7 2024 1:36:04 GMT-0400 (Eastern Daylight Time)
1106	deskeedee(alt)	6	7	0	Sat Sep 7 2024 1:36:04 GMT-0400 (Eastern Daylight Time)
1105	Endrism27	8	8	0	Sat Sep 7 2024 1:36:04 GMT-0400 (Eastern Daylight Time)
1105	garbiMisticoss	3	3	0	Sat Sep 7 2024 1:36:04 GMT-0400 (Eastern Daylight Time)
1104	Abyssal Human	3	2	0	Sat Sep 7 2024 1:36:04 GMT-0400 (Eastern Daylight Time)
1104	B!d00f	2	0	0	Sat Sep 7 2024 1:36:04 GMT-0400 (Eastern Daylight Time)
1103	y.ssho	5	6	0	Sat Sep 7 2024 1:36:04 GMT-0400 (Eastern Daylight Time)
1102	anoiefnawnfowan	2	0	0	Sat Sep 7 2024 1:36:04 GMT-0400 (Eastern Daylight Time)
1102	Sheen so	2	1	0	Sat Sep 7 2024 1:36:04 GMT-0400 (Eastern Daylight Time)
1102	Ddrggggf	2	0	0	Sat Sep 7 2024 1:36:04 GMT-0400 (Eastern Daylight Time)
1101	cold demise	2	1	0	Sat Sep 7 2024 1:36:04 GMT-0400 (Eastern Daylight Time)
1101	Spawnerlord	4	3	0	Sat Sep 7 2024 1:36:04 GMT-0400 (Eastern Daylight Time)
1100	JetMakVGC__12	2	0	0	Sat Sep 7 2024 1:36:04 GMT-0400 (Eastern Daylight Time)
1099	Epic Bingus Gaming	2	0	0	Sat Sep 7 2024 1:36:04 GMT-0400 (Eastern Daylight Time)
1099	OnlyAntagonist47	2	0	0	Sat Sep 7 2024 1:36:04 GMT-0400 (Eastern Daylight Time)
1098	pdmsedley	2	1	0	Sat Sep 7 2024 1:36:04 GMT-0400 (Eastern Daylight Time)
1098	Cxmbi	3	1	0	Sat Sep 7 2024 1:36:04 GMT-0400 (Eastern Daylight Time)
1097	Goopert-Hisui	4	7	0	Sat Sep 7 2024 1:36:04 GMT-0400 (Eastern Daylight Time)
1097	deuchainnnnn	2	0	0	Sat Sep 7 2024 1:36:04 GMT-0400 (Eastern Daylight Time)
1097	huyfhcytfc	2	0	0	Sat Sep 7 2024 1:36:04 GMT-0400 (Eastern Daylight Time)
1097	ShirouKazuki	2	3	0	Sat Sep 7 2024 1:36:04 GMT-0400 (Eastern Daylight Time)
1096	bosstyrenm	3	5	0	Sat Sep 7 2024 1:36:04 GMT-0400 (Eastern Daylight Time)
1096	fgdsaggggggg	3	2	0	Sat Sep 7 2024 1:36:04 GMT-0400 (Eastern Daylight Time)
1096	5hepherd	2	0	0	Sat Sep 7 2024 1:36:04 GMT-0400 (Eastern Daylight Time)
1094	speepialtarosari	3	2	0	Sat Sep 7 2024 1:36:04 GMT-0400 (Eastern Daylight Time)
1093	Illiano Pacchiotti	6	8	0	Sat Sep 7 2024 1:36:04 GMT-0400 (Eastern Daylight Time)
1092	Michael and Ikaels	2	0	0	Sat Sep 7 2024 1:36:04 GMT-0400 (Eastern Daylight Time)
1092	starfat	2	1	0	Sat Sep 7 2024 1:36:04 GMT-0400 (Eastern Daylight Time)
1091	littlewhitedog2	3	2	0	Sat Sep 7 2024 1:36:04 GMT-0400 (Eastern Daylight Time)
1091	hawlucha tuah	14	44	0	Sat Sep 7 2024 1:36:04 GMT-0400 (Eastern Daylight Time)
1090	monke9999	2	2	0	Sat Sep 7 2024 1:36:04 GMT-0400 (Eastern Daylight Time)
1089	Bebop YUH	2	0	0	Sat Sep 7 2024 1:36:04 GMT-0400 (Eastern Daylight Time)
1088	msoft_j	5	5	0	Sat Sep 7 2024 1:36:04 GMT-0400 (Eastern Daylight Time)
1087	devastator 189	12	24	0	Sat Sep 7 2024 1:36:04 GMT-0400 (Eastern Daylight Time)
1087	Yuri Ha Zahard	2	0	0	Sat Sep 7 2024 1:36:04 GMT-0400 (Eastern Daylight Time)
1087	baustien	3	3	0	Sat Sep 7 2024 1:36:04 GMT-0400 (Eastern Daylight Time)
1086	StormJet1613	2	3	0	Sat Sep 7 2024 1:36:04 GMT-0400 (Eastern Daylight Time)
1086	littlewhitedog1	2	5	0	Sat Sep 7 2024 1:36:04 GMT-0400 (Eastern Daylight Time)
1086	Mandamu	2	3	0	Sat Sep 7 2024 1:36:04 GMT-0400 (Eastern Daylight Time)
1085	Sceptilite_Z	3	5	0	Sat Sep 7 2024 1:36:04 GMT-0400 (Eastern Daylight Time)
1084	Darth33	3	5	0	Sat Sep 7 2024 1:36:04 GMT-0400 (Eastern Daylight Time)
1084	OkieDokie999	2	1	0	Sat Sep 7 2024 1:36:04 GMT-0400 (Eastern Daylight Time)
1083	notprthjet	3	9	0	Sat Sep 7 2024 1:36:04 GMT-0400 (Eastern Daylight Time)
1083	wewqqe	2	4	0	Sat Sep 7 2024 1:36:04 GMT-0400 (Eastern Daylight Time)
1082	Redagus2002	3	4	0	Sat Sep 7 2024 1:36:04 GMT-0400 (Eastern Daylight Time)
1082	Pastel Candy Snake	2	2	0	Sat Sep 7 2024 1:36:04 GMT-0400 (Eastern Daylight Time)
1081	Simply_Ang3l	2	3	0	Sat Sep 7 2024 1:36:04 GMT-0400 (Eastern Daylight Time)
1081	TeslaCurl	2	0	0	Sat Sep 7 2024 1:36:04 GMT-0400 (Eastern Daylight Time)
1081	YODONTKNOWMYSTRAT	2	2	0	Sat Sep 7 2024 1:36:04 GMT-0400 (Eastern Daylight Time)
1080	mrguestbs	2	0	0	Sat Sep 7 2024 1:36:04 GMT-0400 (Eastern Daylight Time)
1080	Allenthealien229	2	0	0	Sat Sep 7 2024 1:36:04 GMT-0400 (Eastern Daylight Time)
1080	alpha-the-man	3	5	0	Sat Sep 7 2024 1:36:04 GMT-0400 (Eastern Daylight Time)
1079	Jullo27	2	5	0	Sat Sep 7 2024 1:36:04 GMT-0400 (Eastern Daylight Time)
1079	kolorblue	2	3	0	Sat Sep 7 2024 1:36:04 GMT-0400 (Eastern Daylight Time)
1079	Jidhdbfh	1	0	0	Sat Sep 7 2024 1:36:04 GMT-0400 (Eastern Daylight Time)
1078	whoisparsley	2	3	0	Sat Sep 7 2024 1:36:04 GMT-0400 (Eastern Daylight Time)
1078	FusionStickBattles	3	3	0	Sat Sep 7 2024 1:36:04 GMT-0400 (Eastern Daylight Time)
1077	chillerwind yeti	2	1	0	Sat Sep 7 2024 1:36:04 GMT-0400 (Eastern Daylight Time)
1077	Squeedbeb	3	3	0	Sat Sep 7 2024 1:36:04 GMT-0400 (Eastern Daylight Time)
1077	xXStankXx	2	2	0	Sat Sep 7 2024 1:36:04 GMT-0400 (Eastern Daylight Time)
1077	DemonDoll	2	4	0	Sat Sep 7 2024 1:36:04 GMT-0400 (Eastern Daylight Time)
1076	Parainsect	5	8	0	Sat Sep 7 2024 1:36:04 GMT-0400 (Eastern Daylight Time)
1076	ajmig	2	2	0	Sat Sep 7 2024 1:36:04 GMT-0400 (Eastern Daylight Time)
1076	Skibidi Schmongus	1	0	0	Sat Sep 7 2024 1:36:04 GMT-0400 (Eastern Daylight Time)
1076	samir110101	18	23	0	Sat Sep 7 2024 1:36:04 GMT-0400 (Eastern Daylight Time)
1076	ogalbina	3	6	0	Sat Sep 7 2024 1:36:04 GMT-0400 (Eastern Daylight Time)
1074	nightmare6969	2	2	0	Sat Sep 7 2024 1:36:04 GMT-0400 (Eastern Daylight Time)
1074	acematteus	2	2	0	Sat Sep 7 2024 1:36:04 GMT-0400 (Eastern Daylight Time)
1074	Exomech	2	7	0	Sat Sep 7 2024 1:36:04 GMT-0400 (Eastern Daylight Time)
1074	buda88888	2	3	0	Sat Sep 7 2024 1:36:04 GMT-0400 (Eastern Daylight Time)
1073	kug98	2	2	0	Sat Sep 7 2024 1:36:04 GMT-0400 (Eastern Daylight Time)
1073	Appreciateur2Prout	7	9	0	Sat Sep 7 2024 1:36:04 GMT-0400 (Eastern Daylight Time)
1073	datguycactus	2	3	0	Sat Sep 7 2024 1:36:04 GMT-0400 (Eastern Daylight Time)
1073	slowpoke q345	1	0	0	Sat Sep 7 2024 1:36:04 GMT-0400 (Eastern Daylight Time)
1072	Nejehehrh	1	0	0	Sat Sep 7 2024 1:36:04 GMT-0400 (Eastern Daylight Time)
1071	Bhfyuff	2	2	0	Sat Sep 7 2024 1:36:04 GMT-0400 (Eastern Daylight Time)
1071	Shhebrvfhdh	1	0	0	Sat Sep 7 2024 1:36:04 GMT-0400 (Eastern Daylight Time)
1070	kbbbj	1	0	0	Sat Sep 7 2024 1:36:04 GMT-0400 (Eastern Daylight Time)
1069	enamorus-queerian	2	1	0	Sat Sep 7 2024 1:36:04 GMT-0400 (Eastern Daylight Time)
1069	Rruhf	1	0	0	Sat Sep 7 2024 1:36:04 GMT-0400 (Eastern Daylight Time)
1069	CARACCIDENT6582	2	5	0	Sat Sep 7 2024 1:36:04 GMT-0400 (Eastern Daylight Time)
1069	EternalFate	1	2	0	Sat Sep 7 2024 1:36:04 GMT-0400 (Eastern Daylight Time)
1069	wishiwashi is cool	2	4	0	Sat Sep 7 2024 1:36:04 GMT-0400 (Eastern Daylight Time)
1069	Themewhenthe	1	0	0	Sat Sep 7 2024 1:36:04 GMT-0400 (Eastern Daylight Time)
1068	Elexsar(purple)	21	32	0	Sat Sep 7 2024 1:36:04 GMT-0400 (Eastern Daylight Time)
1068	TheGreatWalrein	2	4	0	Sat Sep 7 2024 1:36:04 GMT-0400 (Eastern Daylight Time)
1068	Mqtt12	1	0	0	Sat Sep 7 2024 1:36:04 GMT-0400 (Eastern Daylight Time)
1067	OberonFaeKing	1	3	0	Sat Sep 7 2024 1:36:04 GMT-0400 (Eastern Daylight Time)
1067	Announomoose	2	5	0	Sat Sep 7 2024 1:36:04 GMT-0400 (Eastern Daylight Time)
1065	JunjgkeJym	1	1	0	Sat Sep 7 2024 1:36:04 GMT-0400 (Eastern Daylight Time)
1065	idek54337	1	3	0	Sat Sep 7 2024 1:36:04 GMT-0400 (Eastern Daylight Time)
1065	shomtally	1	0	0	Sat Sep 7 2024 1:36:04 GMT-0400 (Eastern Daylight Time)
1064	deputydeppy	2	1	0	Sat Sep 7 2024 1:36:04 GMT-0400 (Eastern Daylight Time)
1064	DeckDevilYGO	2	7	0	Sat Sep 7 2024 1:36:04 GMT-0400 (Eastern Daylight Time)
1064	stupiddumdum1	1	0	0	Sat Sep 7 2024 1:36:04 GMT-0400 (Eastern Daylight Time)
1063	kimchidip	1	1	0	Sat Sep 7 2024 1:36:04 GMT-0400 (Eastern Daylight Time)
1063	ferndere	2	3	0	Sat Sep 7 2024 1:36:04 GMT-0400 (Eastern Daylight Time)
1063	rewrite _361	2	4	0	Sat Sep 7 2024 1:36:04 GMT-0400 (Eastern Daylight Time)
1062	bwdqilv	1	0	0	Sat Sep 7 2024 1:36:04 GMT-0400 (Eastern Daylight Time)
1060	Genesis77	1	0	0	Sat Sep 7 2024 1:36:04 GMT-0400 (Eastern Daylight Time)
1059	flier333	2	5	0	Sat Sep 7 2024 1:36:04 GMT-0400 (Eastern Daylight Time)
1059	smallgenius	1	0	0	Sat Sep 7 2024 1:36:04 GMT-0400 (Eastern Daylight Time)
1059	maffffffff	1	0	0	Sat Sep 7 2024 1:36:04 GMT-0400 (Eastern Daylight Time)
1058	MaffeW_T1	1	1	0	Sat Sep 7 2024 1:36:04 GMT-0400 (Eastern Daylight Time)
1058	blurobot1	1	0	0	Sat Sep 7 2024 1:36:04 GMT-0400 (Eastern Daylight Time)
1058	Sixteen Gremlins	1	1	0	Sat Sep 7 2024 1:36:04 GMT-0400 (Eastern Daylight Time)
1058	jessisbestgirl	1	5	0	Sat Sep 7 2024 1:36:04 GMT-0400 (Eastern Daylight Time)
1058	Graylist	1	2	0	Sat Sep 7 2024 1:36:04 GMT-0400 (Eastern Daylight Time)
1058	wingedboar	1	0	0	Sat Sep 7 2024 1:36:04 GMT-0400 (Eastern Daylight Time)
1058	Ejequie	1	0	0	Sat Sep 7 2024 1:36:04 GMT-0400 (Eastern Daylight Time)
1057	ksg03	1	1	0	Sat Sep 7 2024 1:36:04 GMT-0400 (Eastern Daylight Time)
1057	Belzeberto	1	0	0	Sat Sep 7 2024 1:36:04 GMT-0400 (Eastern Daylight Time)
1057	Dimoni Pelut	1	2	0	Sat Sep 7 2024 1:36:04 GMT-0400 (Eastern Daylight Time)
1057	Dahrimastaren	1	1	0	Sat Sep 7 2024 1:36:04 GMT-0400 (Eastern Daylight Time)
1057	karrottensirup	1	0	0	Sat Sep 7 2024 1:36:04 GMT-0400 (Eastern Daylight Time)
1057	hftytdfyrdyrdsyrds	1	0	0	Sat Sep 7 2024 1:36:04 GMT-0400 (Eastern Daylight Time)
1057	ValZechta1	1	0	0	Sat Sep 7 2024 1:36:04 GMT-0400 (Eastern Daylight Time)
1056	Noobert Jr	1	1	0	Sat Sep 7 2024 1:36:04 GMT-0400 (Eastern Daylight Time)
1055	ThatGuyFromDenmark	3	9	0	Sat Sep 7 2024 1:36:04 GMT-0400 (Eastern Daylight Time)
1055	OceanVista	1	1	0	Sat Sep 7 2024 1:36:04 GMT-0400 (Eastern Daylight Time)
1055	gaalnugmailcom	2	5	0	Sat Sep 7 2024 1:36:04 GMT-0400 (Eastern Daylight Time)
1055	Xatuned	1	0	0	Sat Sep 7 2024 1:36:04 GMT-0400 (Eastern Daylight Time)
1054	nerocrdbl	1	0	0	Sat Sep 7 2024 1:36:04 GMT-0400 (Eastern Daylight Time)
1053	Skdbsosbsje	1	0	0	Sat Sep 7 2024 1:36:04 GMT-0400 (Eastern Daylight Time)
1053	borguuu	1	0	0	Sat Sep 7 2024 1:36:04 GMT-0400 (Eastern Daylight Time)
1053	TrashbutHuman	1	0	0	Sat Sep 7 2024 1:36:04 GMT-0400 (Eastern Daylight Time)
1053	Chardawg1	1	2	0	Sat Sep 7 2024 1:36:04 GMT-0400 (Eastern Daylight Time)
1053	Hdjeheh	1	0	0	Sat Sep 7 2024 1:36:04 GMT-0400 (Eastern Daylight Time)
1053	fewaf	1	0	0	Sat Sep 7 2024 1:36:04 GMT-0400 (Eastern Daylight Time)
1053	walknt	1	0	0	Sat Sep 7 2024 1:36:04 GMT-0400 (Eastern Daylight Time)
1053	Klp2002	1	1	0	Sat Sep 7 2024 1:36:04 GMT-0400 (Eastern Daylight Time)
1053	bugcatchrcharlotte	1	0	0	Sat Sep 7 2024 1:36:04 GMT-0400 (Eastern Daylight Time)
1053	po1p	1	0	0	Sat Sep 7 2024 1:36:04 GMT-0400 (Eastern Daylight Time)
1052	JustAregulartester	1	4	0	Sat Sep 7 2024 1:36:04 GMT-0400 (Eastern Daylight Time)
1052	Luchettino	1	0	0	Sat Sep 7 2024 1:36:04 GMT-0400 (Eastern Daylight Time)
1051	jawsome274	1	0	0	Sat Sep 7 2024 1:36:04 GMT-0400 (Eastern Daylight Time)
1051	SS/RO	1	4	0	Sat Sep 7 2024 1:36:04 GMT-0400 (Eastern Daylight Time)
1051	muff1n_b0i	1	0	0	Sat Sep 7 2024 1:36:04 GMT-0400 (Eastern Daylight Time)
1051	cocabill	1	1	0	Sat Sep 7 2024 1:36:04 GMT-0400 (Eastern Daylight Time)
1051	Toddle879	1	1	0	Sat Sep 7 2024 1:36:04 GMT-0400 (Eastern Daylight Time)
1051	Fuecoco4ever	1	0	0	Sat Sep 7 2024 1:36:04 GMT-0400 (Eastern Daylight Time)
1050	Fierce Phantom	1	1	0	Sat Sep 7 2024 1:36:04 GMT-0400 (Eastern Daylight Time)
1049	Merthyr	1	2	0	Sat Sep 7 2024 1:36:04 GMT-0400 (Eastern Daylight Time)
1049	PikaPikaNix	1	1	0	Sat Sep 7 2024 1:36:04 GMT-0400 (Eastern Daylight Time)
1049	monstremonstre	1	2	0	Sat Sep 7 2024 1:36:04 GMT-0400 (Eastern Daylight Time)
1048	hshshdhskdbvshs	1	1	0	Sat Sep 7 2024 1:36:04 GMT-0400 (Eastern Daylight Time)
1048	BeastkidYT	1	1	0	Sat Sep 7 2024 1:36:04 GMT-0400 (Eastern Daylight Time)
1048	EvilCoconutCrabs	1	1	0	Sat Sep 7 2024 1:36:04 GMT-0400 (Eastern Daylight Time)
1047	yuuchin	1	2	0	Sat Sep 7 2024 1:36:04 GMT-0400 (Eastern Daylight Time)
1046	55555X	2	4	0	Sat Sep 7 2024 1:36:04 GMT-0400 (Eastern Daylight Time)
1046	HectorAEB	2	4	0	Sat Sep 7 2024 1:36:04 GMT-0400 (Eastern Daylight Time)
1045	scarlet5555555	1	2	0	Sat Sep 7 2024 1:36:04 GMT-0400 (Eastern Daylight Time)
1045	hlkdjwajfsh	1	1	0	Sat Sep 7 2024 1:36:04 GMT-0400 (Eastern Daylight Time)
1045	edidjsjd	1	0	0	Sat Sep 7 2024 1:36:04 GMT-0400 (Eastern Daylight Time)
1045	Isjebdbf	1	0	0	Sat Sep 7 2024 1:36:04 GMT-0400 (Eastern Daylight Time)
1045	Gazzzzzzzzz	1	0	0	Sat Sep 7 2024 1:36:04 GMT-0400 (Eastern Daylight Time)
1045	2mks	1	0	0	Sat Sep 7 2024 1:36:04 GMT-0400 (Eastern Daylight Time)
1045	soup692	1	4	0	Sat Sep 7 2024 1:36:04 GMT-0400 (Eastern Daylight Time)
1045	iwantfreegarlic	1	0	0	Sat Sep 7 2024 1:36:04 GMT-0400 (Eastern Daylight Time)
1045	offbutnoir2	1	0	0	Sat Sep 7 2024 1:36:04 GMT-0400 (Eastern Daylight Time)
1045	Keygoat	1	2	0	Sat Sep 7 2024 1:36:04 GMT-0400 (Eastern Daylight Time)
1045	Dirigiblie	1	3	0	Sat Sep 7 2024 1:36:04 GMT-0400 (Eastern Daylight Time)
1045	Ceslva34	1	0	0	Sat Sep 7 2024 1:36:04 GMT-0400 (Eastern Daylight Time)
1045	darthacekechi	1	2	0	Sat Sep 7 2024 1:36:04 GMT-0400 (Eastern Daylight Time)
1045	Beaf Cultist	1	0	0	Sat Sep 7 2024 1:36:04 GMT-0400 (Eastern Daylight Time)
1045	zlv	1	1	0	Sat Sep 7 2024 1:36:04 GMT-0400 (Eastern Daylight Time)
1045	MR. Cheap trick	1	1	0	Sat Sep 7 2024 1:36:04 GMT-0400 (Eastern Daylight Time)
1045	Dreisu	1	0	0	Sat Sep 7 2024 1:36:04 GMT-0400 (Eastern Daylight Time)
1045	TheAnnoyingBrown	1	2	0	Sat Sep 7 2024 1:36:04 GMT-0400 (Eastern Daylight Time)
1045	ttarsimp	1	3	0	Sat Sep 7 2024 1:36:04 GMT-0400 (Eastern Daylight Time)
1044	Hdni	1	2	0	Sat Sep 7 2024 1:36:04 GMT-0400 (Eastern Daylight Time)
1044	CatScarrr	2	8	0	Sat Sep 7 2024 1:36:04 GMT-0400 (Eastern Daylight Time)
1044	GiratinaStar49	1	1	0	Sat Sep 7 2024 1:36:04 GMT-0400 (Eastern Daylight Time)
1044	peet janisen	1	1	0	Sat Sep 7 2024 1:36:04 GMT-0400 (Eastern Daylight Time)
1043	oucharock	1	4	0	Sat Sep 7 2024 1:36:04 GMT-0400 (Eastern Daylight Time)
1043	Grinty	2	4	0	Sat Sep 7 2024 1:36:04 GMT-0400 (Eastern Daylight Time)
1043	Peum2	2	7	0	Sat Sep 7 2024 1:36:04 GMT-0400 (Eastern Daylight Time)
1042	Dat567	1	2	0	Sat Sep 7 2024 1:36:04 GMT-0400 (Eastern Daylight Time)
1042	leeto64	1	1	0	Sat Sep 7 2024 1:36:04 GMT-0400 (Eastern Daylight Time)
1042	bellula	1	1	0	Sat Sep 7 2024 1:36:04 GMT-0400 (Eastern Daylight Time)
1041	silly baller	1	1	0	Sat Sep 7 2024 1:36:04 GMT-0400 (Eastern Daylight Time)
1040	I'm a friggin fish	1	1	0	Sat Sep 7 2024 1:36:04 GMT-0400 (Eastern Daylight Time)
1040	ProGamer4684	1	4	0	Sat Sep 7 2024 1:36:04 GMT-0400 (Eastern Daylight Time)
1040	AceTheKing325	1	2	0	Sat Sep 7 2024 1:36:04 GMT-0400 (Eastern Daylight Time)
1039	TheDankestGoomy	1	1	0	Sat Sep 7 2024 1:36:04 GMT-0400 (Eastern Daylight Time)
1039	fluberr	1	4	0	Sat Sep 7 2024 1:36:04 GMT-0400 (Eastern Daylight Time)
1039	theoneguywhoguys	1	3	0	Sat Sep 7 2024 1:36:04 GMT-0400 (Eastern Daylight Time)
1039	albr77	1	1	0	Sat Sep 7 2024 1:36:04 GMT-0400 (Eastern Daylight Time)
1038	gholdenjoe enjoyer	2	10	0	Sat Sep 7 2024 1:36:04 GMT-0400 (Eastern Daylight Time)
1038	Cjbrake	1	3	0	Sat Sep 7 2024 1:36:04 GMT-0400 (Eastern Daylight Time)
1037	theguyyouguy	1	2	0	Sat Sep 7 2024 1:36:04 GMT-0400 (Eastern Daylight Time)
1037	randomslowbrouser	1	1	0	Sat Sep 7 2024 1:36:04 GMT-0400 (Eastern Daylight Time)
1036	flyingpinata	2	8	0	Sat Sep 7 2024 1:36:04 GMT-0400 (Eastern Daylight Time)
1036	MxsterMurder	2	5	0	Sat Sep 7 2024 1:36:04 GMT-0400 (Eastern Daylight Time)
1036	Willow Marx	2	4	0	Sat Sep 7 2024 1:36:04 GMT-0400 (Eastern Daylight Time)
1036	jdhbmdjgh	1	1	0	Sat Sep 7 2024 1:36:04 GMT-0400 (Eastern Daylight Time)
1036	AverageWalrus	1	1	0	Sat Sep 7 2024 1:36:04 GMT-0400 (Eastern Daylight Time)
1036	raichu a luv songg	1	3	0	Sat Sep 7 2024 1:36:04 GMT-0400 (Eastern Daylight Time)
1036	big dummy gaming	1	4	0	Sat Sep 7 2024 1:36:04 GMT-0400 (Eastern Daylight Time)
1035	esdrujula262	1	3	0	Sat Sep 7 2024 1:36:04 GMT-0400 (Eastern Daylight Time)
1033	JohnsonLamborghini	1	2	0	Sat Sep 7 2024 1:36:04 GMT-0400 (Eastern Daylight Time)
1032	ReamTocketV4	2	7	0	Sat Sep 7 2024 1:36:04 GMT-0400 (Eastern Daylight Time)
1030	RockAndCoal	3	7	0	Sat Sep 7 2024 1:36:04 GMT-0400 (Eastern Daylight Time)
1030	ullare	1	3	0	Sat Sep 7 2024 1:36:04 GMT-0400 (Eastern Daylight Time)
1030	jephre45	1	3	0	Sat Sep 7 2024 1:36:04 GMT-0400 (Eastern Daylight Time)
1029	Chinchilla Pile	1	3	0	Sat Sep 7 2024 1:36:04 GMT-0400 (Eastern Daylight Time)
1028	cyclonez	1	2	0	Sat Sep 7 2024 1:36:04 GMT-0400 (Eastern Daylight Time)
1027	pooooopys	1	2	0	Sat Sep 7 2024 1:36:04 GMT-0400 (Eastern Daylight Time)
1027	just._.muffins	1	4	0	Sat Sep 7 2024 1:36:04 GMT-0400 (Eastern Daylight Time)
1026	Pochebear101	1	4	0	Sat Sep 7 2024 1:36:04 GMT-0400 (Eastern Daylight Time)
1025	BaileBirds	1	4	0	Sat Sep 7 2024 1:36:04 GMT-0400 (Eastern Daylight Time)
1025	Slyguy2	1	2	0	Sat Sep 7 2024 1:36:04 GMT-0400 (Eastern Daylight Time)
1022	Hum Vibralux	1	5	0	Sat Sep 7 2024 1:36:04 GMT-0400 (Eastern Daylight Time)
1021	Lgbeet	1	4	0	Sat Sep 7 2024 1:36:04 GMT-0400 (Eastern Daylight Time)
1020	coomm	1	5	0	Sat Sep 7 2024 1:36:04 GMT-0400 (Eastern Daylight Time)
1017	AquaticPanic	1	5	0	Sat Sep 7 2024 1:36:04 GMT-0400 (Eastern Daylight Time)
1013	PartyTimePartyTime	1	5	0	Sat Sep 7 2024 1:36:04 GMT-0400 (Eastern Daylight Time)
1008	tomturtl	1	7	0	Sat Sep 7 2024 1:36:04 GMT-0400 (Eastern Daylight Time)
1001	TheProhibitiveMind	1	11	0	Sat Sep 7 2024 1:36:04 GMT-0400 (Eastern Daylight Time)
1000	eidhsisx	0	1	0	Sat Sep 7 2024 1:36:04 GMT-0400 (Eastern Daylight Time)
1000	hiim yuto	0	2	0	Sat Sep 7 2024 1:36:04 GMT-0400 (Eastern Daylight Time)
1000	Dustrulz	0	1	0	Sat Sep 7 2024 1:36:04 GMT-0400 (Eastern Daylight Time)
1000	Cappy Milkway	0	2	0	Sat Sep 7 2024 1:36:04 GMT-0400 (Eastern Daylight Time)
1000	eqwe11231	0	1	0	Sat Sep 7 2024 1:36:04 GMT-0400 (Eastern Daylight Time)
1000	MADresidence2	0	1	0	Sat Sep 7 2024 1:36:04 GMT-0400 (Eastern Daylight Time)
1000	Pyrilewski	0	5	0	Sat Sep 7 2024 1:36:04 GMT-0400 (Eastern Daylight Time)
1000	arnoldnorris	0	1	0	Sat Sep 7 2024 1:36:04 GMT-0400 (Eastern Daylight Time)
1000	IceyTeas	0	1	0	Sat Sep 7 2024 1:36:04 GMT-0400 (Eastern Daylight Time)
1000	ProtoType81	0	1	0	Sat Sep 7 2024 1:36:04 GMT-0400 (Eastern Daylight Time)
1000	killertvdinner	0	1	0	Sat Sep 7 2024 1:36:04 GMT-0400 (Eastern Daylight Time)
1000	sharadaykilla98	0	1	0	Sat Sep 7 2024 1:36:04 GMT-0400 (Eastern Daylight Time)
1000	Shino again	0	8	0	Sat Sep 7 2024 1:36:04 GMT-0400 (Eastern Daylight Time)
1000	Craug	0	1	0	Sat Sep 7 2024 1:36:04 GMT-0400 (Eastern Daylight Time)
1000	silliburgerthief	0	4	0	Sat Sep 7 2024 1:36:04 GMT-0400 (Eastern Daylight Time)
1000	gggft flex ggf	0	1	0	Sat Sep 7 2024 1:36:04 GMT-0400 (Eastern Daylight Time)
1000	AstralSky19	0	2	0	Sat Sep 7 2024 1:36:04 GMT-0400 (Eastern Daylight Time)
1000	burritobarbarian	0	3	0	Sat Sep 7 2024 1:36:04 GMT-0400 (Eastern Daylight Time)
1000	newguyname123	0	1	0	Sat Sep 7 2024 1:36:04 GMT-0400 (Eastern Daylight Time)
1000	Trapooz	0	3	0	Sat Sep 7 2024 1:36:04 GMT-0400 (Eastern Daylight Time)
1000	newnameguy123	0	1	0	Sat Sep 7 2024 1:36:04 GMT-0400 (Eastern Daylight Time)
1000	09brokey	0	1	0	Sat Sep 7 2024 1:36:04 GMT-0400 (Eastern Daylight Time)
1000	ljogos61	0	2	0	Sat Sep 7 2024 1:36:04 GMT-0400 (Eastern Daylight Time)
1000	ttttrttt	0	1	0	Sat Sep 7 2024 1:36:04 GMT-0400 (Eastern Daylight Time)
1000	MeteorClaw	0	4	0	Sat Sep 7 2024 1:36:04 GMT-0400 (Eastern Daylight Time)
1000	Archaludon12	0	1	0	Sat Sep 7 2024 1:36:04 GMT-0400 (Eastern Daylight Time)
1000	milde0108	0	1	0	Sat Sep 7 2024 1:36:04 GMT-0400 (Eastern Daylight Time)
1000	kingbowser6364	0	3	0	Sat Sep 7 2024 1:36:04 GMT-0400 (Eastern Daylight Time)
1000	alexthedummy123	0	2	0	Sat Sep 7 2024 1:36:04 GMT-0400 (Eastern Daylight Time)
1000	pipuoopuo	0	1	0	Sat Sep 7 2024 1:36:04 GMT-0400 (Eastern Daylight Time)
1000	HeroicAlter	0	1	0	Sat Sep 7 2024 1:36:04 GMT-0400 (Eastern Daylight Time)
1000	sharkmasterKT	0	1	0	Sat Sep 7 2024 1:36:04 GMT-0400 (Eastern Daylight Time)
1000	jimmy2choo	0	1	0	Sat Sep 7 2024 1:36:04 GMT-0400 (Eastern Daylight Time)
1000	ClobbahKirby	0	2	0	Sat Sep 7 2024 1:36:04 GMT-0400 (Eastern Daylight Time)
1000	useless gholden	0	1	0	Sat Sep 7 2024 1:36:04 GMT-0400 (Eastern Daylight Time)
1000	alduin715	0	1	0	Sat Sep 7 2024 1:36:04 GMT-0400 (Eastern Daylight Time)
1000	BublBulla	0	1	0	Sat Sep 7 2024 1:36:04 GMT-0400 (Eastern Daylight Time)
1000	primarina is cool	0	4	0	Sat Sep 7 2024 1:36:04 GMT-0400 (Eastern Daylight Time)
1000	FlyWhiskers	0	1	0	Sat Sep 7 2024 1:36:04 GMT-0400 (Eastern Daylight Time)
1000	bheyaiiiii	0	1	0	Sat Sep 7 2024 1:36:04 GMT-0400 (Eastern Daylight Time)
1000	bigrickdickross	0	1	0	Sat Sep 7 2024 1:36:04 GMT-0400 (Eastern Daylight Time)
1000	UnovaPS	0	1	0	Sat Sep 7 2024 1:36:04 GMT-0400 (Eastern Daylight Time)
1000	PomegPikachu	0	1	0	Sat Sep 7 2024 1:36:04 GMT-0400 (Eastern Daylight Time)
1000	vdvfddddddd	0	2	0	Sat Sep 7 2024 1:36:04 GMT-0400 (Eastern Daylight Time)
1000	willybillyLG	0	1	0	Sat Sep 7 2024 1:36:04 GMT-0400 (Eastern Daylight Time)
1000	labizmarc	0	2	0	Sat Sep 7 2024 1:36:04 GMT-0400 (Eastern Daylight Time)
1000	JakeMumbles	0	1	0	Sat Sep 7 2024 1:36:04 GMT-0400 (Eastern Daylight Time)
1000	MAJIMA97	0	1	0	Sat Sep 7 2024 1:36:04 GMT-0400 (Eastern Daylight Time)
1000	MrUkrainian	0	4	0	Sat Sep 7 2024 1:36:04 GMT-0400 (Eastern Daylight Time)
1000	maku220	0	1	0	Sat Sep 7 2024 1:36:04 GMT-0400 (Eastern Daylight Time)
1000	somanyskies	0	2	0	Sat Sep 7 2024 1:36:04 GMT-0400 (Eastern Daylight Time)
1000	MandoMan45	0	1	0	Sat Sep 7 2024 1:36:04 GMT-0400 (Eastern Daylight Time)
1000	gamerninja134	0	2	0	Sat Sep 7 2024 1:36:04 GMT-0400 (Eastern Daylight Time)
1000	Rafa_Gamer241	0	1	0	Sat Sep 7 2024 1:36:04 GMT-0400 (Eastern Daylight Time)
1000	MikuUnloaded	0	1	0	Sat Sep 7 2024 1:36:04 GMT-0400 (Eastern Daylight Time)
1000	piplup1324	0	1	0	Sat Sep 7 2024 1:36:04 GMT-0400 (Eastern Daylight Time)
1000	greatdisconnecter	0	6	0	Sat Sep 7 2024 1:36:04 GMT-0400 (Eastern Daylight Time)
1000	dokgren1	0	3	0	Sat Sep 7 2024 1:36:04 GMT-0400 (Eastern Daylight Time)
1000	dokgren	0	1	0	Sat Sep 7 2024 1:36:04 GMT-0400 (Eastern Daylight Time)
1000	Milosoam	0	1	0	Sat Sep 7 2024 1:36:04 GMT-0400 (Eastern Daylight Time)
1000	YunfeiMiguel	0	1	0	Sat Sep 7 2024 1:36:04 GMT-0400 (Eastern Daylight Time)
1000	gunchderp	0	1	0	Sat Sep 7 2024 1:36:04 GMT-0400 (Eastern Daylight Time)
1000	duscl0ps356	0	2	0	Sat Sep 7 2024 1:36:04 GMT-0400 (Eastern Daylight Time)
1000	otofuuu	0	2	0	Sat Sep 7 2024 1:36:04 GMT-0400 (Eastern Daylight Time)
1000	Jmt123	0	2	0	Sat Sep 7 2024 1:36:04 GMT-0400 (Eastern Daylight Time)
1000	kdhsjx	0	1	0	Sat Sep 7 2024 1:36:04 GMT-0400 (Eastern Daylight Time)
1000	ThatTurt	0	1	0	Sat Sep 7 2024 1:36:04 GMT-0400 (Eastern Daylight Time)
1000	HaidoroKame	0	3	0	Sat Sep 7 2024 1:36:04 GMT-0400 (Eastern Daylight Time)
1000	redaran	0	1	0	Sat Sep 7 2024 1:36:04 GMT-0400 (Eastern Daylight Time)
1000	greyskale99	0	2	0	Sat Sep 7 2024 1:36:04 GMT-0400 (Eastern Daylight Time)
1000	Test 6511	0	1	0	Sat Sep 7 2024 1:36:04 GMT-0400 (Eastern Daylight Time)
1000	onepieceofmilk	0	3	0	Sat Sep 7 2024 1:36:04 GMT-0400 (Eastern Daylight Time)
1000	evilscarymeangirl	0	2	0	Sat Sep 7 2024 1:36:04 GMT-0400 (Eastern Daylight Time)
1000	raihanny	0	1	0	Sat Sep 7 2024 1:36:04 GMT-0400 (Eastern Daylight Time)
1000	jmtjmt1	0	1	0	Sat Sep 7 2024 1:36:04 GMT-0400 (Eastern Daylight Time)
1000	Vandelous	0	4	0	Sat Sep 7 2024 1:36:04 GMT-0400 (Eastern Daylight Time)
1000	Nonamehereatnot	0	1	0	Sat Sep 7 2024 1:36:04 GMT-0400 (Eastern Daylight Time)
1000	alolas d rose	1	14	0	Sat Sep 7 2024 1:36:04 GMT-0400 (Eastern Daylight Time)
1000	Calicstas	0	1	0	Sat Sep 7 2024 1:36:04 GMT-0400 (Eastern Daylight Time)
1000	Kitusa4	0	2	0	Sat Sep 7 2024 1:36:04 GMT-0400 (Eastern Daylight Time)
1000	fishxwizz	0	1	0	Sat Sep 7 2024 1:36:04 GMT-0400 (Eastern Daylight Time)
1000	xDarkDemon666x	0	2	0	Sat Sep 7 2024 1:36:04 GMT-0400 (Eastern Daylight Time)
1000	HonkytonkGronk	0	1	0	Sat Sep 7 2024 1:36:04 GMT-0400 (Eastern Daylight Time)
1000	Tomuel_	0	1	0	Sat Sep 7 2024 1:36:04 GMT-0400 (Eastern Daylight Time)
1000	scorpionsrl	0	2	0	Sat Sep 7 2024 1:36:04 GMT-0400 (Eastern Daylight Time)
1000	hewfwce	0	1	0	Sat Sep 7 2024 1:36:04 GMT-0400 (Eastern Daylight Time)
1000	pinkshadowdragon	0	1	0	Sat Sep 7 2024 1:36:04 GMT-0400 (Eastern Daylight Time)
1000	Mr.Corleone07	0	3	0	Sat Sep 7 2024 1:36:04 GMT-0400 (Eastern Daylight Time)
1000	kyoyoz2z	0	1	0	Sat Sep 7 2024 1:36:04 GMT-0400 (Eastern Daylight Time)
1000	sddfdsgfga	0	1	0	Sat Sep 7 2024 1:36:04 GMT-0400 (Eastern Daylight Time)
1000	Megalospecial	0	1	0	Sat Sep 7 2024 1:36:04 GMT-0400 (Eastern Daylight Time)
1000	Normie43	0	1	0	Sat Sep 7 2024 1:36:04 GMT-0400 (Eastern Daylight Time)
1000	idksomethingstupid	0	5	0	Sat Sep 7 2024 1:36:04 GMT-0400 (Eastern Daylight Time)
1000	kanovaz	0	1	0	Sat Sep 7 2024 1:36:04 GMT-0400 (Eastern Daylight Time)
1000	aeousminju	0	2	0	Sat Sep 7 2024 1:36:04 GMT-0400 (Eastern Daylight Time)
1000	osvridb	0	1	0	Sat Sep 7 2024 1:36:04 GMT-0400 (Eastern Daylight Time)
1000	FirLr	0	2	0	Sat Sep 7 2024 1:36:04 GMT-0400 (Eastern Daylight Time)
1000	Merzy97	0	1	0	Sat Sep 7 2024 1:36:04 GMT-0400 (Eastern Daylight Time)
1000	MothGod0612	0	1	0	Sat Sep 7 2024 1:36:04 GMT-0400 (Eastern Daylight Time)
1000	Eisrelavent	0	2	0	Sat Sep 7 2024 1:36:04 GMT-0400 (Eastern Daylight Time)
1000	theshinyminikyu4	0	1	0	Sat Sep 7 2024 1:36:04 GMT-0400 (Eastern Daylight Time)
1000	geoindabin	0	1	0	Sat Sep 7 2024 1:36:04 GMT-0400 (Eastern Daylight Time)
1000	PleaGX	0	1	0	Sat Sep 7 2024 1:36:04 GMT-0400 (Eastern Daylight Time)
1000	RIPSTACKBUNDLES	0	2	0	Sat Sep 7 2024 1:36:04 GMT-0400 (Eastern Daylight Time)
1000	landonlvl100	0	1	0	Sat Sep 7 2024 1:36:04 GMT-0400 (Eastern Daylight Time)
1000	Ban Ghost Fish	0	1	0	Sat Sep 7 2024 1:36:04 GMT-0400 (Eastern Daylight Time)
1000	Just trying these	0	1	0	Sat Sep 7 2024 1:36:04 GMT-0400 (Eastern Daylight Time)
1000	Dutch 0ven	0	7	0	Sat Sep 7 2024 1:36:04 GMT-0400 (Eastern Daylight Time)
1000	eesdezxf	0	1	0	Sat Sep 7 2024 1:36:04 GMT-0400 (Eastern Daylight Time)
1000	r34pumpkaboo	0	3	0	Sat Sep 7 2024 1:36:04 GMT-0400 (Eastern Daylight Time)
1000	LeviBussy	0	2	0	Sat Sep 7 2024 1:36:04 GMT-0400 (Eastern Daylight Time)
1000	ElectricLizard	0	4	0	Sat Sep 7 2024 1:36:04 GMT-0400 (Eastern Daylight Time)
1000	0pan_demic0	0	2	0	Sat Sep 7 2024 1:36:04 GMT-0400 (Eastern Daylight Time)
1000	nukf	0	1	0	Sat Sep 7 2024 1:36:04 GMT-0400 (Eastern Daylight Time)
1000	hoaxew	0	1	0	Sat Sep 7 2024 1:36:04 GMT-0400 (Eastern Daylight Time)
1000	SuperSillyFella	0	5	0	Sat Sep 7 2024 1:36:04 GMT-0400 (Eastern Daylight Time)
1000	orwellius	0	1	0	Sat Sep 7 2024 1:36:04 GMT-0400 (Eastern Daylight Time)
1000	Slaey	0	3	0	Sat Sep 7 2024 1:36:04 GMT-0400 (Eastern Daylight Time)
1000	Ev3611	0	3	0	Sat Sep 7 2024 1:36:04 GMT-0400 (Eastern Daylight Time)
1000	d. hasek	0	1	0	Sat Sep 7 2024 1:36:04 GMT-0400 (Eastern Daylight Time)
1000	Troll estrategias	0	1	0	Sat Sep 7 2024 1:36:04 GMT-0400 (Eastern Daylight Time)
1000	greenbeanstinker	0	1	0	Sat Sep 7 2024 1:36:04 GMT-0400 (Eastern Daylight Time)
1000	Peruvius	0	1	0	Sat Sep 7 2024 1:36:04 GMT-0400 (Eastern Daylight Time)
1000	MolaTM	0	2	0	Sat Sep 7 2024 1:36:04 GMT-0400 (Eastern Daylight Time)
1000	LT02	0	3	0	Sat Sep 7 2024 1:36:04 GMT-0400 (Eastern Daylight Time)
1000	LynkoDeoxysEnjoyer	0	2	0	Sat Sep 7 2024 1:36:04 GMT-0400 (Eastern Daylight Time)
1000	dragon Master Zarc	0	1	0	Sat Sep 7 2024 1:36:04 GMT-0400 (Eastern Daylight Time)
1000	SkyeSlime2	0	1	0	Sat Sep 7 2024 1:36:04 GMT-0400 (Eastern Daylight Time)
1000	jimmy91863	0	2	0	Sat Sep 7 2024 1:36:04 GMT-0400 (Eastern Daylight Time)
1000	sigmaskibibi	0	1	0	Sat Sep 7 2024 1:36:04 GMT-0400 (Eastern Daylight Time)
1000	cringing goat	0	1	0	Sat Sep 7 2024 1:36:04 GMT-0400 (Eastern Daylight Time)
1000	Elexsar	0	2	0	Sat Sep 7 2024 1:36:04 GMT-0400 (Eastern Daylight Time)
1000	Roachescanfly	0	1	0	Sat Sep 7 2024 1:36:04 GMT-0400 (Eastern Daylight Time)
1000	Kasmir7	0	1	0	Sat Sep 7 2024 1:36:04 GMT-0400 (Eastern Daylight Time)
1000	HazamaU	0	2	0	Sat Sep 7 2024 1:36:04 GMT-0400 (Eastern Daylight Time)
1000	MeteorIV	0	1	0	Sat Sep 7 2024 1:36:04 GMT-0400 (Eastern Daylight Time)
1000	fusequeen	0	1	0	Sat Sep 7 2024 1:36:04 GMT-0400 (Eastern Daylight Time)
1000	jet_mak	0	1	0	Sat Sep 7 2024 1:36:04 GMT-0400 (Eastern Daylight Time)
1000	Ducking Wheel	0	2	0	Sat Sep 7 2024 1:36:04 GMT-0400 (Eastern Daylight Time)
1000	Fredrico79	0	4	0	Sat Sep 7 2024 1:36:04 GMT-0400 (Eastern Daylight Time)
1000	Malphor45	0	1	0	Sat Sep 7 2024 1:36:04 GMT-0400 (Eastern Daylight Time)
1000	Swordleihs	0	2	0	Sat Sep 7 2024 1:36:04 GMT-0400 (Eastern Daylight Time)
1000	Encore Ogerpon	0	1	0	Sat Sep 7 2024 1:36:04 GMT-0400 (Eastern Daylight Time)
1000	Guyflame	0	1	0	Sat Sep 7 2024 1:36:04 GMT-0400 (Eastern Daylight Time)
1000	schlopschlorper	0	1	0	Sat Sep 7 2024 1:36:04 GMT-0400 (Eastern Daylight Time)
1000	ShadowEri	0	1	0	Sat Sep 7 2024 1:36:04 GMT-0400 (Eastern Daylight Time)
1000	carpentry	0	1	0	Sat Sep 7 2024 1:36:04 GMT-0400 (Eastern Daylight Time)
1000	shiiimi	0	2	0	Sat Sep 7 2024 1:36:04 GMT-0400 (Eastern Daylight Time)
1000	nonameman91	0	2	0	Sat Sep 7 2024 1:36:04 GMT-0400 (Eastern Daylight Time)
1000	NoImNotPrehon	0	3	0	Sat Sep 7 2024 1:36:04 GMT-0400 (Eastern Daylight Time)
1000	Ghamslu	0	1	0	Sat Sep 7 2024 1:36:04 GMT-0400 (Eastern Daylight Time)
1000	huhuhu the 2nd	0	1	0	Sat Sep 7 2024 1:36:04 GMT-0400 (Eastern Daylight Time)
1000	Akdhsnsnd	0	1	0	Sat Sep 7 2024 1:36:04 GMT-0400 (Eastern Daylight Time)
1000	fusion twosion	0	1	0	Sat Sep 7 2024 1:36:04 GMT-0400 (Eastern Daylight Time)
1000	How to name myself	0	2	0	Sat Sep 7 2024 1:36:04 GMT-0400 (Eastern Daylight Time)
1000	a rock like brock	0	2	0	Sat Sep 7 2024 1:36:04 GMT-0400 (Eastern Daylight Time)
1000	qazco	0	1	0	Sat Sep 7 2024 1:36:04 GMT-0400 (Eastern Daylight Time)
1000	dsfgdfgsdgdsgf	0	1	0	Sat Sep 7 2024 1:36:04 GMT-0400 (Eastern Daylight Time)
1000	windfl0wer	0	3	0	Sat Sep 7 2024 1:36:04 GMT-0400 (Eastern Daylight Time)
1000	whoamyjeans	0	2	0	Sat Sep 7 2024 1:36:04 GMT-0400 (Eastern Daylight Time)
1000	moonstarwoohoo	0	1	0	Sat Sep 7 2024 1:36:04 GMT-0400 (Eastern Daylight Time)
1000	Hi2367	0	1	0	Sat Sep 7 2024 1:36:04 GMT-0400 (Eastern Daylight Time)
1000	5anj1	0	1	0	Sat Sep 7 2024 1:36:04 GMT-0400 (Eastern Daylight Time)
1000	Ksbloistl	0	1	0	Sat Sep 7 2024 1:36:04 GMT-0400 (Eastern Daylight Time)
1000	LbutDumb	0	2	0	Sat Sep 7 2024 1:36:04 GMT-0400 (Eastern Daylight Time)
1000	Gimme da goat	0	1	0	Sat Sep 7 2024 1:36:04 GMT-0400 (Eastern Daylight Time)
